"filename", "language", "Groovy", "Java Properties", "XML", "HTML", "Batch", "CSS", "Java", "JavaScript", "YAML", "comment", "blank", "total"
"c:\Users\berob\OneDrive\デスクトップ\git_repository\ScheduleApp\sched_mgmt\build.gradle", "Groovy", 40, 0, 0, 0, 0, 0, 0, 0, 0, 0, 7, 47
"c:\Users\berob\OneDrive\デスクトップ\git_repository\ScheduleApp\sched_mgmt\gradle\wrapper\gradle-wrapper.properties", "Java Properties", 0, 7, 0, 0, 0, 0, 0, 0, 0, 0, 1, 8
"c:\Users\berob\OneDrive\デスクトップ\git_repository\ScheduleApp\sched_mgmt\gradlew.bat", "Batch", 0, 0, 0, 0, 41, 0, 0, 0, 0, 30, 22, 93
"c:\Users\berob\OneDrive\デスクトップ\git_repository\ScheduleApp\sched_mgmt\settings.gradle", "Groovy", 1, 0, 0, 0, 0, 0, 0, 0, 0, 0, 1, 2
"c:\Users\berob\OneDrive\デスクトップ\git_repository\ScheduleApp\sched_mgmt\src\main\java\d_tanabe\sched_mgmt\SchedMgmtApplication.java", "Java", 0, 0, 0, 0, 0, 0, 9, 0, 0, 0, 5, 14
"c:\Users\berob\OneDrive\デスクトップ\git_repository\ScheduleApp\sched_mgmt\src\main\java\d_tanabe\sched_mgmt\config\SecurityConfig.java", "Java", 0, 0, 0, 0, 0, 0, 44, 0, 0, 15, 10, 69
"c:\Users\berob\OneDrive\デスクトップ\git_repository\ScheduleApp\sched_mgmt\src\main\java\d_tanabe\sched_mgmt\config\SuccessHandler.java", "Java", 0, 0, 0, 0, 0, 0, 26, 0, 0, 9, 11, 46
"c:\Users\berob\OneDrive\デスクトップ\git_repository\ScheduleApp\sched_mgmt\src\main\java\d_tanabe\sched_mgmt\config\UsersDetails.java", "Java", 0, 0, 0, 0, 0, 0, 58, 0, 0, 28, 20, 106
"c:\Users\berob\OneDrive\デスクトップ\git_repository\ScheduleApp\sched_mgmt\src\main\java\d_tanabe\sched_mgmt\controller\LoginController.java", "Java", 0, 0, 0, 0, 0, 0, 10, 0, 0, 6, 4, 20
"c:\Users\berob\OneDrive\デスクトップ\git_repository\ScheduleApp\sched_mgmt\src\main\java\d_tanabe\sched_mgmt\controller\user\ManagementController.java", "Java", 0, 0, 0, 0, 0, 0, 140, 0, 0, 56, 43, 239
"c:\Users\berob\OneDrive\デスクトップ\git_repository\ScheduleApp\sched_mgmt\src\main\java\d_tanabe\sched_mgmt\controller\user\SignupController.java", "Java", 0, 0, 0, 0, 0, 0, 55, 0, 0, 30, 18, 103
"c:\Users\berob\OneDrive\デスクトップ\git_repository\ScheduleApp\sched_mgmt\src\main\java\d_tanabe\sched_mgmt\controller\user\edit\EditController.java", "Java", 0, 0, 0, 0, 0, 0, 150, 0, 0, 89, 50, 289
"c:\Users\berob\OneDrive\デスクトップ\git_repository\ScheduleApp\sched_mgmt\src\main\java\d_tanabe\sched_mgmt\controller\user\edit\EditRestController.java", "Java", 0, 0, 0, 0, 0, 0, 32, 0, 0, 13, 12, 57
"c:\Users\berob\OneDrive\デスクトップ\git_repository\ScheduleApp\sched_mgmt\src\main\java\d_tanabe\sched_mgmt\controller\user\schedule\ScheduleController.java", "Java", 0, 0, 0, 0, 0, 0, 63, 0, 0, 21, 18, 102
"c:\Users\berob\OneDrive\デスクトップ\git_repository\ScheduleApp\sched_mgmt\src\main\java\d_tanabe\sched_mgmt\controller\user\schedule\ScheduleRestController.java", "Java", 0, 0, 0, 0, 0, 0, 66, 0, 0, 27, 29, 122
"c:\Users\berob\OneDrive\デスクトップ\git_repository\ScheduleApp\sched_mgmt\src\main\java\d_tanabe\sched_mgmt\form\EditPasswordForm.java", "Java", 0, 0, 0, 0, 0, 0, 17, 0, 0, 3, 5, 25
"c:\Users\berob\OneDrive\デスクトップ\git_repository\ScheduleApp\sched_mgmt\src\main\java\d_tanabe\sched_mgmt\form\ScheduleForm.java", "Java", 0, 0, 0, 0, 0, 0, 21, 0, 0, 4, 4, 29
"c:\Users\berob\OneDrive\デスクトップ\git_repository\ScheduleApp\sched_mgmt\src\main\java\d_tanabe\sched_mgmt\form\SignUpForm.java", "Java", 0, 0, 0, 0, 0, 0, 19, 0, 0, 3, 3, 25
"c:\Users\berob\OneDrive\デスクトップ\git_repository\ScheduleApp\sched_mgmt\src\main\java\d_tanabe\sched_mgmt\form\UserDetailForm.java", "Java", 0, 0, 0, 0, 0, 0, 21, 0, 0, 5, 7, 33
"c:\Users\berob\OneDrive\デスクトップ\git_repository\ScheduleApp\sched_mgmt\src\main\java\d_tanabe\sched_mgmt\form\UserSearchForm.java", "Java", 0, 0, 0, 0, 0, 0, 10, 0, 0, 3, 3, 16
"c:\Users\berob\OneDrive\デスクトップ\git_repository\ScheduleApp\sched_mgmt\src\main\java\d_tanabe\sched_mgmt\model\Schedule.java", "Java", 0, 0, 0, 0, 0, 0, 10, 0, 0, 3, 3, 16
"c:\Users\berob\OneDrive\デスクトップ\git_repository\ScheduleApp\sched_mgmt\src\main\java\d_tanabe\sched_mgmt\model\Users.java", "Java", 0, 0, 0, 0, 0, 0, 12, 0, 0, 3, 3, 18
"c:\Users\berob\OneDrive\デスクトップ\git_repository\ScheduleApp\sched_mgmt\src\main\java\d_tanabe\sched_mgmt\repository\ScheduleMapper.java", "Java", 0, 0, 0, 0, 0, 0, 13, 0, 0, 14, 9, 36
"c:\Users\berob\OneDrive\デスクトップ\git_repository\ScheduleApp\sched_mgmt\src\main\java\d_tanabe\sched_mgmt\repository\UsersMapper.java", "Java", 0, 0, 0, 0, 0, 0, 22, 0, 0, 45, 14, 81
"c:\Users\berob\OneDrive\デスクトップ\git_repository\ScheduleApp\sched_mgmt\src\main\java\d_tanabe\sched_mgmt\service\Impl\ScheduleServiceImpl.java", "Java", 0, 0, 0, 0, 0, 0, 60, 0, 0, 39, 22, 121
"c:\Users\berob\OneDrive\デスクトップ\git_repository\ScheduleApp\sched_mgmt\src\main\java\d_tanabe\sched_mgmt\service\Impl\UserDetailServiceImpl.java", "Java", 0, 0, 0, 0, 0, 0, 22, 0, 0, 9, 9, 40
"c:\Users\berob\OneDrive\デスクトップ\git_repository\ScheduleApp\sched_mgmt\src\main\java\d_tanabe\sched_mgmt\service\Impl\UsersServiceImpl.java", "Java", 0, 0, 0, 0, 0, 0, 90, 0, 0, 36, 28, 154
"c:\Users\berob\OneDrive\デスクトップ\git_repository\ScheduleApp\sched_mgmt\src\main\java\d_tanabe\sched_mgmt\service\ScheduleService.java", "Java", 0, 0, 0, 0, 0, 0, 8, 0, 0, 20, 8, 36
"c:\Users\berob\OneDrive\デスクトップ\git_repository\ScheduleApp\sched_mgmt\src\main\java\d_tanabe\sched_mgmt\service\UsersService.java", "Java", 0, 0, 0, 0, 0, 0, 13, 0, 0, 43, 14, 70
"c:\Users\berob\OneDrive\デスクトップ\git_repository\ScheduleApp\sched_mgmt\src\main\java\d_tanabe\sched_mgmt\validation\CommonValidation.java", "Java", 0, 0, 0, 0, 0, 0, 15, 0, 0, 9, 5, 29
"c:\Users\berob\OneDrive\デスクトップ\git_repository\ScheduleApp\sched_mgmt\src\main\java\d_tanabe\sched_mgmt\validation\PasswordValidation.java", "Java", 0, 0, 0, 0, 0, 0, 17, 0, 0, 8, 8, 33
"c:\Users\berob\OneDrive\デスクトップ\git_repository\ScheduleApp\sched_mgmt\src\main\java\d_tanabe\sched_mgmt\validation\ScheduleValidation.java", "Java", 0, 0, 0, 0, 0, 0, 27, 0, 0, 14, 13, 54
"c:\Users\berob\OneDrive\デスクトップ\git_repository\ScheduleApp\sched_mgmt\src\main\resources\application.yml", "YAML", 0, 0, 0, 0, 0, 0, 0, 0, 13, 0, 1, 14
"c:\Users\berob\OneDrive\デスクトップ\git_repository\ScheduleApp\sched_mgmt\src\main\resources\mapper\postgreSQL\ScheduleMapper.xml", "XML", 0, 0, 21, 0, 0, 0, 0, 0, 0, 3, 3, 27
"c:\Users\berob\OneDrive\デスクトップ\git_repository\ScheduleApp\sched_mgmt\src\main\resources\mapper\postgreSQL\UsersMapper.xml", "XML", 0, 0, 60, 0, 0, 0, 0, 0, 0, 8, 1, 69
"c:\Users\berob\OneDrive\デスクトップ\git_repository\ScheduleApp\sched_mgmt\src\main\resources\prop\ValidationMessages.properties", "Java Properties", 0, 8, 0, 0, 0, 0, 0, 0, 0, 2, 2, 12
"c:\Users\berob\OneDrive\デスクトップ\git_repository\ScheduleApp\sched_mgmt\src\main\resources\prop\messages_ja.properties", "Java Properties", 0, 1, 0, 0, 0, 0, 0, 0, 0, 0, 0, 1
"c:\Users\berob\OneDrive\デスクトップ\git_repository\ScheduleApp\sched_mgmt\src\main\resources\static\css\common\header.css", "CSS", 0, 0, 0, 0, 0, 42, 0, 0, 0, 0, 7, 49
"c:\Users\berob\OneDrive\デスクトップ\git_repository\ScheduleApp\sched_mgmt\src\main\resources\static\css\login\login.css", "CSS", 0, 0, 0, 0, 0, 72, 0, 0, 0, 0, 12, 84
"c:\Users\berob\OneDrive\デスクトップ\git_repository\ScheduleApp\sched_mgmt\src\main\resources\static\css\schedule\schedule.css", "CSS", 0, 0, 0, 0, 0, 126, 0, 0, 0, 0, 22, 148
"c:\Users\berob\OneDrive\デスクトップ\git_repository\ScheduleApp\sched_mgmt\src\main\resources\static\css\user\complete.css", "CSS", 0, 0, 0, 0, 0, 43, 0, 0, 0, 0, 8, 51
"c:\Users\berob\OneDrive\デスクトップ\git_repository\ScheduleApp\sched_mgmt\src\main\resources\static\css\user\detail.css", "CSS", 0, 0, 0, 0, 0, 150, 0, 0, 0, 0, 22, 172
"c:\Users\berob\OneDrive\デスクトップ\git_repository\ScheduleApp\sched_mgmt\src\main\resources\static\css\user\management.css", "CSS", 0, 0, 0, 0, 0, 198, 0, 0, 0, 0, 38, 236
"c:\Users\berob\OneDrive\デスクトップ\git_repository\ScheduleApp\sched_mgmt\src\main\resources\static\css\user\password.css", "CSS", 0, 0, 0, 0, 0, 88, 0, 0, 0, 0, 17, 105
"c:\Users\berob\OneDrive\デスクトップ\git_repository\ScheduleApp\sched_mgmt\src\main\resources\static\css\user\signup.css", "CSS", 0, 0, 0, 0, 0, 139, 0, 0, 0, 0, 21, 160
"c:\Users\berob\OneDrive\デスクトップ\git_repository\ScheduleApp\sched_mgmt\src\main\resources\static\js\detail.js", "JavaScript", 0, 0, 0, 0, 0, 0, 0, 42, 0, 10, 5, 57
"c:\Users\berob\OneDrive\デスクトップ\git_repository\ScheduleApp\sched_mgmt\src\main\resources\static\js\plugin\jquery-3.7.1.min.js", "JavaScript", 0, 0, 0, 0, 0, 0, 0, 1, 0, 1, 1, 3
"c:\Users\berob\OneDrive\デスクトップ\git_repository\ScheduleApp\sched_mgmt\src\main\resources\static\js\schedule.js", "JavaScript", 0, 0, 0, 0, 0, 0, 0, 107, 0, 39, 11, 157
"c:\Users\berob\OneDrive\デスクトップ\git_repository\ScheduleApp\sched_mgmt\src\main\resources\templates\common\header.html", "HTML", 0, 0, 0, 28, 0, 0, 0, 0, 0, 0, 3, 31
"c:\Users\berob\OneDrive\デスクトップ\git_repository\ScheduleApp\sched_mgmt\src\main\resources\templates\error.html", "HTML", 0, 0, 0, 12, 0, 0, 0, 0, 0, 0, 0, 12
"c:\Users\berob\OneDrive\デスクトップ\git_repository\ScheduleApp\sched_mgmt\src\main\resources\templates\error\400.html", "HTML", 0, 0, 0, 14, 0, 0, 0, 0, 0, 0, 0, 14
"c:\Users\berob\OneDrive\デスクトップ\git_repository\ScheduleApp\sched_mgmt\src\main\resources\templates\error\403.html", "HTML", 0, 0, 0, 14, 0, 0, 0, 0, 0, 0, 0, 14
"c:\Users\berob\OneDrive\デスクトップ\git_repository\ScheduleApp\sched_mgmt\src\main\resources\templates\login\login.html", "HTML", 0, 0, 0, 27, 0, 0, 0, 0, 0, 0, 0, 27
"c:\Users\berob\OneDrive\デスクトップ\git_repository\ScheduleApp\sched_mgmt\src\main\resources\templates\schedule\schedule.html", "HTML", 0, 0, 0, 86, 0, 0, 0, 0, 0, 1, 0, 87
"c:\Users\berob\OneDrive\デスクトップ\git_repository\ScheduleApp\sched_mgmt\src\main\resources\templates\user\complete.html", "HTML", 0, 0, 0, 21, 0, 0, 0, 0, 0, 0, 0, 21
"c:\Users\berob\OneDrive\デスクトップ\git_repository\ScheduleApp\sched_mgmt\src\main\resources\templates\user\detail.html", "HTML", 0, 0, 0, 61, 0, 0, 0, 0, 0, 0, 2, 63
"c:\Users\berob\OneDrive\デスクトップ\git_repository\ScheduleApp\sched_mgmt\src\main\resources\templates\user\management.html", "HTML", 0, 0, 0, 113, 0, 0, 0, 0, 0, 0, 1, 114
"c:\Users\berob\OneDrive\デスクトップ\git_repository\ScheduleApp\sched_mgmt\src\main\resources\templates\user\password.html", "HTML", 0, 0, 0, 50, 0, 0, 0, 0, 0, 0, 0, 50
"c:\Users\berob\OneDrive\デスクトップ\git_repository\ScheduleApp\sched_mgmt\src\main\resources\templates\user\signup.html", "HTML", 0, 0, 0, 46, 0, 0, 0, 0, 0, 0, 0, 46
"c:\Users\berob\OneDrive\デスクトップ\git_repository\ScheduleApp\sched_mgmt\src\test\java\d_tanabe\sched_mgmt\SchedMgmtApplicationTests.java", "Java", 0, 0, 0, 0, 0, 0, 9, 0, 0, 0, 5, 14
"Total", "-", 41, 16, 81, 472, 41, 858, 1059, 150, 13, 649, 591, 3971